Category,SubCategory,Series,Item No,Description,Pack,Carton Qty,2025 List Price,Disc Code,Nett,
Plumbing & Water Distribution,Pressure Reducing Valves,2581.A,25810400,"Rinox Plus M G1/2"" (15mm) Pressure reducing valve",1,10,$96.00,P1,$28.80,
Plumbing & Water Distribution,Pressure Reducing Valves,2581.A,25810500,"Rinox Plus M G3/4"" (20mm) Pressure reducing valve",1,10,$96.00,P1,$28.80,
Plumbing & Water Distribution,Pressure Reducing Valves,2581.A,25810600,"Rinox Plus M G1"" (25mm) Pressure reducing valve",1,4,$240.00,P1,$72.00,
Plumbing & Water Distribution,Pressure Reducing Valves,2581.A,25810700,"Rinox Plus M G1 1/4"" (32mm) Pressure reducing valve",1,4,$340.00,P1,$102.00,
Plumbing & Water Distribution,Pressure Reducing Valves,2581.A,25810800,"Rinox Plus M G1 1/2"" (40mm) Pressure reducing valve",1,4,$448.00,P1,$134.40,
Plumbing & Water Distribution,Pressure Reducing Valves,2581.A,25810900,"Rinox Plus M G2"" (50mm) Pressure reducing valve",1,4,$766.00,P1,$229.80,
Plumbing & Water Distribution,Pressure Reducing Valves,2581.B,25810490,"Rinox Plus SmartM G1/2"" (15mm) Pressure reducing valve with calibration knob",1,6,$200.00,P1,$60.00,
Plumbing & Water Distribution,Pressure Reducing Valves,2581.B,25810590,"Rinox Plus SmartM G3/4"" (20mm) Pressure reducing valve with calibration knob",1,6,$222.00,P1,$66.60,
Plumbing & Water Distribution,Pressure Reducing Valves,2581.B,25810690,"Rinox Plus SmartM G1"" (25mm) Pressure reducing valve with calibration knob",1,6,$403.00,P1,$120.90,
Plumbing & Water Distribution,Pressure Reducing Valves,2581.B,25810790,"Rinox Plus SmartM G1 1/4"" (32mm) Pressure reducing valve with calibration knob",1,4,$578.00,P1,$173.40,
Plumbing & Water Distribution,Pressure Reducing Valves,2581.B,25810890,"Rinox Plus SmartM G1 1/2"" (40mm) Pressure reducing valve with calibration knob",1,4,$727.00,P1,$218.10,
Plumbing & Water Distribution,Pressure Reducing Valves,2581.B,25810990,"Rinox Plus SmartM G2"" (50mm) Pressure reducing valve with calibration knob",1,4,"$1,165.00",P1,$349.50,
Plumbing & Water Distribution,Pressure Reducing Valves,87.B,870470,"Rinox Due FF G1/2"" (15mm) Pressure Reducing Valve PN25",1,20,$142.00,P1,$42.60,
Plumbing & Water Distribution,Pressure Reducing Valves,87.B,870570,"Rinox Due FF G3/4"" (20mm) Pressure Reducing Valve PN25",1,20,$142.00,P1,$42.60,
Plumbing & Water Distribution,Pressure Reducing Valves,87.B,870670,"Rinox Due FF G1"" (25mm) Pressure Reducing Valve PN25",1,6,$262.00,P1,$78.60,
Plumbing & Water Distribution,Pressure Reducing Valves,87.B,870770,"Rinox Due FF G1 1/4"" (32mm) Pressure Reducing Valve PN25",1,6,$325.00,P1,$97.50,
Plumbing & Water Distribution,Pressure Reducing Valves,87.B,870870,"Rinox Due FF G1 1/2"" (40mm)Pressure Reducing Valve PN25",1,1,$366.00,P1,$109.80,
Plumbing & Water Distribution,Pressure Reducing Valves,87.B,870970,"Rinox Due FF G2"" (50mm) Pressure Reducing Valve PN25",1,1,$422.00,P1,$126.60,
Plumbing & Water Distribution,Pressure Reducing Valves,51.A,510495,"Rinox First G1/2"" (15mm) Pressure reducing valve FF PN40",1,6,$362.00,P1,$108.60,
Plumbing & Water Distribution,Pressure Reducing Valves,51.A,510595,"Rinox First G3/4"" (20mm) Pressure reducing valve FF PN40",1,6,$379.00,P1,$113.70,
Plumbing & Water Distribution,Pressure Reducing Valves,51.A,510695,"Rinox First G1"" (25mm) Pressure reducing valve FF PN40",1,6,$455.00,P1,$136.50,
Plumbing & Water Distribution,Pressure Reducing Valves,51.A,510795,"Rinox First G1 1/4"" (32mm) Pressure reducing valve FF PN40",1,4,$698.00,P1,$209.40,
Plumbing & Water Distribution,Pressure Reducing Valves,51.A,510895,"Rinox First G1 1/2"" (40mm) Pressure reducing valve FF PN40",1,1,$885.00,P1,$265.50,
Plumbing & Water Distribution,Pressure Reducing Valves,51.A,510995,"Rinox First G2"" (50mm) Pressure reducing valve FF PN40",1,1,"$1,122.00",P1,$336.60,
Plumbing & Water Distribution,Tempering Valves,T08.A,T08T121-15HP,T08 15mm High Performance Tempering Valve With Unions,1,20,$166.00,P1,$49.80,
Plumbing & Water Distribution,Tempering Valves,T08.A,T08T191-20HP,T08 20mm High Performance Tempering Valve With Unions,1,20,$190.00,P1,$57.00,
Plumbing & Water Distribution,Tempering Valves,T08.B,T08T191-15TMV,RBM T08 20mm Tempering valve with 15mm TMV Isolation Elbows,1,20,$289.00,P1,$86.70,
Plumbing & Water Distribution,Tempering Valves,T08.B,T08T191-20TMV,RBM T08 20mm Tempering valve with 20mm TMV Isolation Elbows,1,20,$299.00,P1,$89.70,
Plumbing & Water Distribution,Thermostatic Mixing Valve,T16.A,T16T121-15TMV,T16 Thermostatic Mixing Valve 15mm high performance,1,20,$430.00,P1,$129.00,
Plumbing & Water Distribution,Thermostatic Mixing Valve,T16.A,T16T191-20TMV,T16 Thermostatic Mixing Valve 20mm high performance,1,20,$520.00,P1,$156.00,
Plumbing & Water Distribution,Thermostatic Mixing Valves,T16.B,RBMS-21-0014,RBM T16 15mm PrePlumbed TMV in Cabinet (3 pipe),1,4,"$1,035.00",P1,$310.50,
Plumbing & Water Distribution,Thermostatic Mixing Valves,T16.B,RBMS-21-0015,RBM T16 15mm PrePlumbed TMV in Cabinet with CW bypass (4 pipe),1,4,"$1,240.00",P1,$372.00,
Plumbing & Water Distribution,Thermostatic Mixing Valves,T16.B,RBMS-21-0019,RBM T16 20mm PrePlumbed TMV in Cabinet (3 pipe),1,4,"$1,095.00",P1,$328.50,
Plumbing & Water Distribution,Thermostatic Mixing Valves,T16.B,RBMS-21-0020,RBM T16 20mm PrePlumbed TMV in Cabinet with CW bypass (4 pipe),1,4,"$1,310.00",P1,$393.00,
Plumbing & Water Distribution,Thermostatic Mixing Valves,T16.B,RBMS-21-0059,Stainless Steel Cabinet with removeable face to suit tempering and TMV,1,4,$550.00,P1,$165.00,
Plumbing & Water Distribution,Thermostatic Mixing Valves,T55 Health,T55T122-15TF,RBM T55 Health 15mm TMV with Thermal Flush,1,20,$670.00,P1,$201.00,
Plumbing & Water Distribution,Thermostatic Mixing Valves,T55 Health,T55T192-20TF,RBM T55 Health 20mm TMV with Thermal Flush,1,20,$760.00,P1,$228.00,
Plumbing & Water Distribution,Solar Hot Water Protection Valves,FPV,PT-L0101,"FPV Frost Protection Valve G1/2"" (15mm) to suit solar hot water systems",1,60,$190.00,P1,$57.00,
Plumbing & Water Distribution,Solar Hot Water Protection Valves,D06,D06T120G-EV,"D06 Thermosyphon Arrestor Valve G3/4"" + G1/2""",1,15,$210.00,P1,$63.00,
Plumbing & Water Distribution,Water Conditioning,,RBM-AF0012MF,"ActivFlo SOLO 1/2"" shower water conditioner (3-14 lpm)",1,20,POA,WC1,0,
Plumbing & Water Distribution,Water Conditioning,,RBM-AF0038MF,"ActivFlo NANO 3/8"" commercial water conditioner (1-11 lpm)",1,20,$299.00,WC1,$179.40,
Plumbing & Water Distribution,Water Conditioning,,RBM-AF0015C,15mm ActivFlo hard water conditioner compression fittings (3-22 lpm),1,20,$639.00,WC1,$383.40,
Plumbing & Water Distribution,Water Conditioning,,RBM-AF0020C,20mm ActivFlo hard water conditioner compression fittings (22-45 lpm),1,20,$749.00,WC1,$449.40,
Plumbing & Water Distribution,Water Conditioning,,RBM-AF0025C,25mm ActivFlo hard water conditioner compression fittings (45-74 lpm),1,20,"$1,059.00",WC1,$635.40,
Plumbing & Water Distribution,Water Conditioning,,RBM-AF0012T,"1/2"" (15mm) ActivFlo hard water conditioner BSP Threaded (3-22 lpm)",1,20,$639.00,WC1,$383.40,
Plumbing & Water Distribution,Water Conditioning,,RBM-AF0034T,"3/4"" (20mm) ActivFlo hard water conditioner BSP Threaded (22-45 lpm)",1,20,$749.00,WC1,$449.40,
Plumbing & Water Distribution,Water Conditioning,,RBM-AF0100T,"1"" (25mm) ActivFlo hard water conditioner BSP Threaded (45-74 lpm)",1,20,"$1,059.00",WC1,$635.40,
Plumbing & Water Distribution,Water Conditioning,,RBM-AF0114T,"1-1/4"" (32mm) ActivFlo hard water conditioner BSP Threaded (75-117 lpm)",1,1,"$2,400.00",WC1,"$1,440.00",
Plumbing & Water Distribution,Water Conditioning,,RBM-AF0112T,"1-1/2"" (40mm) ActivFlo hard water conditioner BSP Threaded (117-170 lpm)",1,1,"$3,010.00",WC1,"$1,806.00",
Plumbing & Water Distribution,Water Conditioning,,RBM-AF0200T,"2"" (50mm) ActivFlo hard water conditioner BSP Threaded (170-264 lpm)",1,1,"$3,600.00",WC1,"$2,160.00",
Plumbing & Water Distribution,Water Conditioning,,RBM-AF0212T,"2-1/2"" (65mm) ActivFlo hard water conditioner BSP Threaded (264-330 lpm)",1,1,"$7,600.00",WC1,"$4,560.00",
Plumbing & Water Distribution,Water Conditioning,,RBM-AF0300F,80mm Flanged ActivFlo hard water conditioner (360-685 lpm),1,1,"$11,920.00",WC1,"$7,152.00",
Plumbing & Water Distribution,Water Conditioning,,RBM-AF0400F,"100mm Flanged ActivFlo hard water conditioner (685-1,260 lpm)",1,1,"$13,980.00",WC1,"$8,388.00",
Plumbing & Water Distribution,Water Conditioning,,RBM-AF0500F,"125mm Flanged ActivFlo hard water conditioner (1,260-1,823 lpm)",1,1,POA,WC1,0,
Plumbing & Water Distribution,Water Conditioning,,RBM-AF0600F,"150mm Flanged ActivFlo hard water conditioner (1,823-3,500 lpm)",1,1,POA,WC1,0,
Plumbing & Water Distribution,Service & Accessories,8167,8167003,"Complete cartridge for diaphragm pressure reducing valve 1/2"" & 3/4""",1,1,$75.00,P1,$22.50,
Plumbing & Water Distribution,Service & Accessories,8167,8201003,"Complete cartridge for diaphragm pressure reducing valve 1""",1,1,$151.00,P1,$45.30,
Plumbing & Water Distribution,Service & Accessories,8167,8202003,"Complete cartridge for diaphragm pressure reducing valve 1 1/4""",1,1,$192.00,P1,$57.60,
Plumbing & Water Distribution,Service & Accessories,8167,8203003,"Complete cartridge for diaphragm pressure reducing valve 1 1/2"" & 2""",1,1,$206.00,P1,$61.80,
Plumbing & Water Distribution,Service & Accessories,1213,1213005,"1/4"" Radial pressure gauge 0-16Bar 50mm to suit Rinox PRVs",1,280,$37.00,P1,$11.10,
Plumbing & Water Distribution,Service & Accessories,,RBMS-21-0052,RBM T16 TMV 5-Year service & maintenance kit,1,1,$199.00,P1,$59.70,
H.V.A.C.,Balancing & Control Valves,619.A,6190450,"Balancing Valve Threaded G1/2"" (15mm)",1,6,$188.00,H1,$56.40,
H.V.A.C.,Balancing & Control Valves,619.A,6190550,"Balancing Valve Threaded G3/4"" (20mm)",1,6,$196.00,H1,$58.80,
H.V.A.C.,Balancing & Control Valves,619.A,6190650,"Balancing Valve Threaded G1"" (25mm)",1,6,$242.00,H1,$72.60,
H.V.A.C.,Balancing & Control Valves,619.A,6190750,"Balancing Valve Threaded G1 1/4"" (32mm)",1,6,$272.00,H1,$81.60,
H.V.A.C.,Balancing & Control Valves,619.A,6190850,"Balancing Valve Threaded G1 1/2"" (40mm)",1,6,$411.00,H1,$123.30,
H.V.A.C.,Balancing & Control Valves,619.A,6190950,"Balancing Valve Threaded G2"" (50mm)",1,6,$627.00,H1,$188.10,
H.V.A.C.,Balancing & Control Valves,619.B,6191060,Balancing Valve Flanged DN65,1,1,"$1,605.00",H1,$481.50,
H.V.A.C.,Balancing & Control Valves,619.B,6191160,Balancing Valve Flanged DN80,1,1,"$1,845.00",H1,$553.50,
H.V.A.C.,Balancing & Control Valves,619.B,6191360,Balancing Valve Flanged DN100,1,1,"$3,220.00",H1,$966.00,
H.V.A.C.,Balancing & Control Valves,619.B,6191460,Balancing Valve Flanged DN125,1,1,"$4,615.00",H1,"$1,384.50",
H.V.A.C.,Balancing & Control Valves,619.B,6191560,Balancing Valve Flanged DN150,1,1,"$5,899.00",H1,"$1,769.70",
H.V.A.C.,Balancing & Control Valves,619.B,6191760,Balancing Valve Flanged DN200,1,1,"$15,129.00",H1,"$4,538.70",
H.V.A.C.,Balancing & Control Valves,619.B,6191960,Balancing Valve Flanged DN250,1,1,"$20,888.00",H1,"$6,266.40",
H.V.A.C.,Balancing & Control Valves,621,6210150,Pair of pressure plugs - Brass to suit threaded valves,1,10,$81.00,H1,$24.30,
H.V.A.C.,Balancing & Control Valves,2874.B,28740450,"Pressure independent control valve. provided with pressure plugs 57-575 L/H G1/2"" (15mm)",1,1,$449.00,H1,$134.70,
H.V.A.C.,Balancing & Control Valves,2874.B,28740460,"Pressure independent control valve. provided with pressure plugs 64-1110 L/H G1/2"" (15mm)",1,1,$449.00,H1,$134.70,
H.V.A.C.,Balancing & Control Valves,2874.B,28740550,"Pressure independent control valve. provided with pressure plugs 57-575 L/H G3/4"" (20mm)",1,1,$509.00,H1,$152.70,
H.V.A.C.,Balancing & Control Valves,2874.B,28740560,"Pressure independent control valve. provided with pressure plugs 64-1110 L/H G3/4"" (20mm)",1,1,$526.00,H1,$157.80,
H.V.A.C.,Balancing & Control Valves,2874.B,28740650,"Pressure independent control valve. provided with pressure plugs 57-575 L/H G1"" (25mm)",1,1,$643.00,H1,$192.90,
H.V.A.C.,Balancing & Control Valves,2874.B,28740660,"Pressure independent control valve. provided with pressure plugs 64-1110 L/H G1"" (25mm)",1,1,$643.00,H1,$192.90,
H.V.A.C.,FCU Valve Combi Kit,3717,37170500,"Fan Coil Unit (FCU) Valve Combi Kit G3/4"" (20mm) 400 lph",1,1,"$1,250.00",H1,$375.00,
H.V.A.C.,FCU Valve Combi Kit,3717,37170510,"Fan Coil Unit (FCU) Valve Combi Kit G3/4"" (20mm) 700 lph",1,1,"$1,250.00",H1,$375.00,
H.V.A.C.,FCU Valve Combi Kit,3717,37170520,"Fan Coil Unit (FCU) Valve Combi Kit G3/4"" (20mm) 1300 lph",1,1,"$1,250.00",H1,$375.00,
H.V.A.C.,Commissioning Unit,3566,35660000,Portable Electronic Differential Pressure and Flow Measuring Commissioning Unit,1,1,"$19,530.00",H1,"$5,859.00",
H.V.A.C.,Balancing & Control Valves,932,9320100,Pair of needle adaptors for pressure measurements,1,1,$78.00,H1,$23.40,
H.V.A.C.,Balancing & Control Valves,2882,28820002,Electromechanical actuator 24V AC,1,1,$550.00,H1,$165.00,
H.V.A.C.,Balancing & Control Valves,2882,28820012,Electromechanical actuator 110-230V AC,1,1,$650.00,H1,$195.00,
H.V.A.C.,Balancing & Control Valves,2882,28820022,Electromechanical actuator 24V AC 3 Points,1,1,$540.00,H1,$162.00,
H.V.A.C.,Balancing & Control Valves,2881,28810012,Thermo-electric actuator 24V AC/DC,1,1,$125.00,H1,$37.50,
H.V.A.C.,Balancing & Control Valves,2881,28810022,Thermo-electric actuator 230V AC,1,1,$125.00,H1,$37.50,
H.V.A.C.,Balancing & Control Valves,2944,29440002,Thermo-electric actuator 230V AC,1,1,$135.00,H1,$40.50,
H.V.A.C.,Balancing & Control Valves,2944,29440012,Thermo-electric actuator 24V AC,1,1,$135.00,H1,$40.50,
H.V.A.C.,Balancing & Control Valves,2944,29440042,Thermo-electric actuator 230V AC+Microswitch,1,1,$195.00,H1,$58.50,
H.V.A.C.,Balancing & Control Valves,2944,29440052,Thermo-electric actuator 24V AC+Microswitch,1,1,$195.00,H1,$58.50,
H.V.A.C.,Dosing Pot,,CDP-15,15L SS HVAC Chemical Dosing Pot,1,1,"$1,499.00",H1,$449.70,
H.V.A.C.,Automatic Filling Unit - Valve Combi Kit,,RBMS-21-0006,"Automatic Filling Kit G1/2"" (15mm)",1,1,$610.00,H1,$183.00,
H.V.A.C.,Buffer Tank Gauge Kit,,RBMS-21-0012,Buffer tank gauge and airvent kit,1,1,"$1,108.00",H1,$332.40,
H.V.A.C.,Flow Control Valves,2874,28740410,"Pressure Control Valve G1/2"" (15mm) 17-210kPa, 0.100-0.412 m3/hr",1,1,$475.00,H1,$142.50,
H.V.A.C.,Flow Control Valves,2874,28740420,"Pressure Control Valve G1/2"" (15mm) 17-210kPa, 0.157-0.609 m3/hr",1,1,$475.00,H1,$142.50,
H.V.A.C.,Flow Control Valves,2874,28740430,"Pressure Control Valve G1/2"" (15mm) 17-200kPa, 0.275-0.825 m3/hr",1,1,$475.00,H1,$142.50,
H.V.A.C.,Flow Control Valves,2874,28740440,"Pressure Control Valve G1/2"" (15mm) 30-400kPa, 0.406-1.270 m3/hr",1,1,$475.00,H1,$142.50,
H.V.A.C.,Flow Control Valves,2874,28740510,"Pressure Control Valve G3/4"" (20mm) 17-210kPa, 0.100-0.412 m3/hr",1,1,$505.00,H1,$151.50,
H.V.A.C.,Flow Control Valves,2874,28740520,"Pressure Control Valve G3/4"" (20mm) 17-210kPa, 0.157-0.609 m3/hr",1,1,$505.00,H1,$151.50,
H.V.A.C.,Flow Control Valves,2874,28740530,"Pressure Control Valve G3/4"" (20mm) 17-200kPa, 0.275-0.825 m3/hr",1,1,$505.00,H1,$151.50,
H.V.A.C.,Flow Control Valves,2874,28740540,"Pressure Control Valve G3/4"" (20mm) 30-400kPa, 0.406-1.270 m3/hr",1,1,$505.00,H1,$151.50,
H.V.A.C.,Flow Control Valves,2874,28740610,"Pressure Control Valve G1"" (25mm) 17-210kPa, 0.100-0.412 m3/hr",1,1,$532.00,H1,$159.60,
H.V.A.C.,Flow Control Valves,2874,28740620,"Pressure Control Valve G1"" (25mm) 17-210kPa, 0.157-0.609 m3/hr",1,1,$532.00,H1,$159.60,
H.V.A.C.,Flow Control Valves,2874,28740630,"Pressure Control Valve G1"" (25mm) 17-200kPa, 0.275-0.825 m3/hr",1,1,$532.00,H1,$159.60,
H.V.A.C.,Flow Control Valves,2874,28740640,"Pressure Control Valve G1"" (25mm) 30-400kPa, 0.406-1.270 m3/hr",1,1,$532.00,H1,$159.60,
Climate Comfort & Heating,Pipes & Positioning Boards,3841.B,38412010,Kilma Futura SP20 1200x800 High efficiency insulation panel for dry installations,,,$275.00,C1,$82.50,Freight charges applicable on this product. 
Climate Comfort & Heating,Pipes & Positioning Boards,3841.B,38412510,Kilma Futura SP25 1200x800 High efficiency insulation panel for dry installations,,,$245.00,C1,$73.50,Freight charges applicable on this product. 
Climate Comfort & Heating,Pipes & Positioning Boards,3841.B,38413310,Kilma Futura SP33 1200x800 High efficiency insulation panel for dry installations,,,$268.00,C1,$80.40,Freight charges applicable on this product. 
Climate Comfort & Heating,Pipes & Positioning Boards,3841.B,38414810,Kilma Futura SP48 1200x800 High efficiency insulation panel for dry installations,,,$330.00,C1,$99.00,Freight charges applicable on this product. 
Climate Comfort & Heating,Pipes & Positioning Boards,2517,25171612,"Hi-Performance Plus 16X2,0 R120M 4-Layer Polyethylene pipe",,,$3.70,C1,$1.11,Freight charges applicable on this product. 
Climate Comfort & Heating,Pipes & Positioning Boards,2517,25171602,"Hi-Performance Plus 16X2,0 R240M 4-Layer Polyethylene pipe",,,$3.60,C1,$1.08,Freight charges applicable on this product. 
Climate Comfort & Heating,Pipes & Positioning Boards,2517,25171622,"Hi-Performance Plus 16X2,0 R600M 4-Layer Polyethylene pipe",,,$3.50,C1,$1.05,Freight charges applicable on this product. 
Climate Comfort & Heating,Pipes & Positioning Boards,2517,25171712,"Hi-Performance Plus 17X2,0 R120M 4-Layer Polyethylene pipe",,,$4.10,C1,$1.23,Freight charges applicable on this product. 
Climate Comfort & Heating,Pipes & Positioning Boards,2517,25171702,"Hi-Performance Plus 17X2,0 R240M 4-Layer Polyethylene pipe",,,$3.90,C1,$1.17,Freight charges applicable on this product. 
Climate Comfort & Heating,Pipes & Positioning Boards,2517,25171722,"Hi-Performance Plus 17X2,0 R600M 4-Layer Polyethylene pipe",,,$3.70,C1,$1.11,Freight charges applicable on this product. 
Climate Comfort & Heating,Pipes & Positioning Boards,2517,25172002,"Hi-Performance Plus 20X2,0 R240M 4-Layer Polyethylene pipe",,,$5.90,C1,$1.77,Freight charges applicable on this product. 
Climate Comfort & Heating,Pipes & Positioning Boards,2517,25172032,"Hi-Performance Plus 20X2,0 R500M 4-Layer Polyethylene pipe",,,$5.70,C1,$1.71,Freight charges applicable on this product. 
Climate Comfort & Heating,Pipes & Positioning Boards,464,4640802,"Kilma Flex Pe-Xc pipe 8x1 1,000m roll",,,$2.90,C1,$0.87,Freight charges applicable on this product. 
Climate Comfort & Heating,Pipes & Positioning Boards,464,4641002,"Kilma Flex Pe-Xc pipe 10x,12 1,000m roll",,,$3.00,C1,$0.90,Freight charges applicable on this product. 
Climate Comfort & Heating,Pipes & Positioning Boards,464,4641602,Kilma Flex Pe-Xc pipe 16x2 120m roll,,,$4.55,C1,$1.37,Freight charges applicable on this product. 
Climate Comfort & Heating,Pipes & Positioning Boards,464,4641612,Kilma Flex Pe-Xc pipe 16x2 240m roll,,,$4.55,C1,$1.37,Freight charges applicable on this product. 
Climate Comfort & Heating,Pipes & Positioning Boards,464,4641622,Kilma Flex Pe-Xc pipe 16x2 600m roll,,,$4.55,C1,$1.37,Freight charges applicable on this product. 
Climate Comfort & Heating,Pipes & Positioning Boards,464,4641712,Kilma Flex Pe-Xc pipe 17x2 120m roll,,,$5.90,C1,$1.77,Freight charges applicable on this product. 
Climate Comfort & Heating,Pipes & Positioning Boards,464,4641702,Kilma Flex Pe-Xc pipe 17x2 240m roll,,,$5.80,C1,$1.74,Freight charges applicable on this product. 
Climate Comfort & Heating,Pipes & Positioning Boards,464,4641722,Kilma Flex Pe-Xc pipe 17x2 600m roll,,,$5.70,C1,$1.71,Freight charges applicable on this product. 
Climate Comfort & Heating,Pipes & Positioning Boards,464,4642002,Kilma Flex Pe-Xc pipe 20x2 240m roll,,,$8.00,C1,$2.40,Freight charges applicable on this product. 
Climate Comfort & Heating,Pipes & Positioning Boards,464,4642032,Kilma Flex Pe-Xc pipe 20x2 500m roll,,,$7.90,C1,$2.37,Freight charges applicable on this product. 
Climate Comfort & Heating,Pipes & Positioning Boards,464,4642502,"Kilma Flex Pe-Xc pipe 25x2,3 240m roll",,,$14.00,C1,$4.20,Freight charges applicable on this product. 
Climate Comfort & Heating,Pipes & Positioning Boards,464,4642522,"Kilma Flex Pe-Xc pipe 25x2,3 310m roll",,,$13.90,C1,$4.17,Freight charges applicable on this product. 
Climate Comfort & Heating,Pipes & Positioning Boards,2009,20091702,Kilma Flex Pe-Xa pipe 17x2 600m roll,,,$6.55,C1,$1.97,Freight charges applicable on this product. 
Climate Comfort & Heating,Pipes & Positioning Boards,2009,20092002,Kilma Flex Pe-Xa pipe 20x2 500m roll,,,$7.95,C1,$2.39,Freight charges applicable on this product. 
Climate Comfort & Heating,Pipes & Positioning Boards,1484,14841622,Kilma Flex Pe-RT pipe 16x2 120m roll,,,$3.50,C1,$1.05,Freight charges applicable on this product. 
Climate Comfort & Heating,Pipes & Positioning Boards,1484,14841632,Kilma Flex Pe-RT pipe 16x2 240m roll,,,$3.50,C1,$1.05,Freight charges applicable on this product. 
Climate Comfort & Heating,Pipes & Positioning Boards,1484,14841602,Kilma Flex Pe-RT pipe 16x2 600m roll,,,$3.50,C1,$1.05,Freight charges applicable on this product. 
Climate Comfort & Heating,Pipes & Positioning Boards,1484,14841712,Kilma Flex Pe-RT pipe 17x2 120m roll,,,$4.50,C1,$1.35,Freight charges applicable on this product. 
Climate Comfort & Heating,Pipes & Positioning Boards,1484,14841702,Kilma Flex Pe-RT pipe 17x2 240m roll,,,$4.40,C1,$1.32,Freight charges applicable on this product. 
Climate Comfort & Heating,Pipes & Positioning Boards,1484,14841722,Kilma Flex Pe-RT pipe 17x2 600m roll,,,$4.30,C1,$1.29,Freight charges applicable on this product. 
Climate Comfort & Heating,Pipes & Positioning Boards,1484,14842002,Kilma Flex Pe-RT pipe 20x2 500m roll,,,$6.10,C1,$1.83,Freight charges applicable on this product. 
Climate Comfort & Heating,Pipes & Positioning Boards,1484,14842512,"Kilma Flex Pe-RT pipe 25x2,3 240m roll",,,$8.60,C1,$2.58,Freight charges applicable on this product. 
Climate Comfort & Heating,Pipes & Positioning Boards,1484,14842502,"Kilma Flex Pe-RT pipe 25x2,3 310m roll",,,$8.50,C1,$2.55,Freight charges applicable on this product. 
Climate Comfort & Heating,Pipes & Positioning Boards,1361,13611000,Kilma Super-Strong Position Board 1300 x 800 x 33,,,$57.50,C1,$17.25,Freight charges applicable on this product. 
Climate Comfort & Heating,Pipes & Positioning Boards,1361,13611800,Kilma Super-Strong Position Board 1300 x 800 x 40,,,$65.00,C1,$19.50,Freight charges applicable on this product. 
Climate Comfort & Heating,Pipes & Positioning Boards,1361,13612800,Kilma Super-Strong Position Board 1300 x 800 x 50,,,$82.00,C1,$24.60,Freight charges applicable on this product. 
Climate Comfort & Heating,Pipes & Positioning Boards,1361,13614200,Kilma Super-Strong Position Board 1300 x 800 x 65,,,$94.00,C1,$28.20,Freight charges applicable on this product. 
Climate Comfort & Heating,Pipes & Positioning Boards,1361,13615000,Kilma Super-Strong Position Board 1300 x 800 x 73,,,$108.00,C1,$32.40,Freight charges applicable on this product. 
Climate Comfort & Heating,Pipes & Positioning Boards,469,4690002,Fastener clip tool,,,"$1,890.00",C1,$567.00,Freight charges applicable on this product. 
Climate Comfort & Heating,Pipes & Positioning Boards,603,6031812,90deg Bend former to suit 17mm pipe,,,$7.00,C1,$2.10,Freight charges applicable on this product. 
Climate Comfort & Heating,Pipes & Positioning Boards,603,6032012,90deg Bend former to suit 20mm pipe,,,$9.00,C1,$2.70,Freight charges applicable on this product. 
Climate Comfort & Heating,Pipes & Positioning Boards,603,6032502,90deg Bend former to suit 25mm pipe,,,$10.50,C1,$3.15,Freight charges applicable on this product. 
Climate Comfort & Heating,Pipes & Positioning Boards,667,6670000,Universal unwinder for pipe coils,,,"$1,335.00",C1,$400.50,Freight charges applicable on this product.
Climate Comfort & Heating,Pipes & Positioning Boards,1938,19381300,Kilma Bull Insulating Panel SP13 1200X800X33,,,$70.00,C1,$21.00,Freight charges applicable on this product. 
Climate Comfort & Heating,Pipes & Positioning Boards,1938,19382500,Kilma Bull Insulating Panel SP25 1200X800X45,,,$80.00,C1,$24.00,Freight charges applicable on this product. 
Climate Comfort & Heating,Pipes & Positioning Boards,1938,19384000,Kilma Bull Insulating Panel SP40 1200X800X60,,,$98.00,C1,$29.40,Freight charges applicable on this product. 
Climate Comfort & Heating,Pipes & Positioning Boards,1978,19782002,Kilma Roll Rolled Panel SP20MM,,,$76.00,C1,$22.80,Freight charges applicable on this product. 
Climate Comfort & Heating,Pipes & Positioning Boards,1978,19783002,Kilma Roll Rolled Panel SP30MM,,,$88.00,C1,$26.40,Freight charges applicable on this product. 
Climate Comfort & Heating,Pipes & Positioning Boards,1978,19784002,Kilma Roll Rolled Panel SP40MM,,,$102.00,C1,$30.60,Freight charges applicable on this product. 
Climate Comfort & Heating,Pipes & Positioning Boards,1978,19785002,Kilma Roll Rolled Panel SP50MM,,,$118.00,C1,$35.40,Freight charges applicable on this product. 
Climate Comfort & Heating,Manifolds & Accessories,1410.D,14100620,"Polymer compact manifold kit 1"" (25mm) 2+2 Ways",1,1,$659.00,C1,$197.70,Freight charges applicable on this product. 
Climate Comfort & Heating,Manifolds & Accessories,1410.D,14110620,"Polymer compact manifold kit 1"" (25mm) 3+3 Ways",1,1,$748.00,C1,$224.40,Freight charges applicable on this product. 
Climate Comfort & Heating,Manifolds & Accessories,1410.D,14120620,"Polymer compact manifold kit 1"" (25mm) 4+4 Ways",1,1,$820.00,C1,$246.00,Freight charges applicable on this product. 
Climate Comfort & Heating,Manifolds & Accessories,1410.D,14130620,"Polymer compact manifold kit 1"" (25mm) 5+5 Ways",1,1,$899.00,C1,$269.70,Freight charges applicable on this product. 
Climate Comfort & Heating,Manifolds & Accessories,1410.D,14140620,"Polymer compact manifold kit 1"" (25mm) 6+6 Ways",1,1,$969.00,C1,$290.70,Freight charges applicable on this product. 
Climate Comfort & Heating,Manifolds & Accessories,1410.D,14150620,"Polymer compact manifold kit 1"" (25mm) 7+7 Ways",1,1,"$1,058.00",C1,$317.40,Freight charges applicable on this product. 
Climate Comfort & Heating,Manifolds & Accessories,1410.D,14160620,"Polymer compact manifold kit 1"" (25mm) 8+8 Ways",1,1,"$1,140.00",C1,$342.00,Freight charges applicable on this product. 
Climate Comfort & Heating,Manifolds & Accessories,1410.D,14170620,"Polymer compact manifold kit 1"" (25mm) 9+9 Ways",1,1,"$1,215.00",C1,$364.50,Freight charges applicable on this product. 
Climate Comfort & Heating,Manifolds & Accessories,1410.D,14180620,"Polymer compact manifold kit 1"" (25mm) 10+10 Ways",1,1,"$1,298.00",C1,$389.40,Freight charges applicable on this product. 
Climate Comfort & Heating,Manifolds & Accessories,1410.D,14190620,"Polymer compact manifold kit 1"" (25mm) 11+11 Ways",1,1,"$1,598.00",C1,$479.40,Freight charges applicable on this product. 
Climate Comfort & Heating,Manifolds & Accessories,1410.D,14200620,"Polymer compact manifold kit 1"" (25mm) 12+12 Ways",1,1,"$1,664.00",C1,$499.20,Freight charges applicable on this product. 
Climate Comfort & Heating,Manifolds & Accessories,1410.D,14201320,"Polymer compact manifold kit 1"" (25mm) 13+13 Ways",1,1,"$1,756.00",C1,$526.80,Freight charges applicable on this product. 
Climate Comfort & Heating,Manifolds & Accessories,1410.D,14201420,"Polymer compact manifold kit 1"" (25mm) 14+14 Ways",1,1,"$1,855.00",C1,$556.50,Freight charges applicable on this product. 
Climate Comfort & Heating,Manifolds & Accessories,1410.D,2171660,Polymer Fitting *16x2,10,100,$17.10,C1,$5.13,Freight charges applicable on this product. 
Climate Comfort & Heating,Manifolds & Accessories,1002.C,10020640,"Polymer compact manifold kit 2+2 way with anti-condensation jacket 1""",1,1,"$1,066.00",C1,$319.80,Freight charges applicable on this product. 
Climate Comfort & Heating,Manifolds & Accessories,1002.C,10030640,"Polymer compact manifold kit 3+3 way with anti-condensation jacket 1""",1,1,"$1,178.00",C1,$353.40,Freight charges applicable on this product. 
Climate Comfort & Heating,Manifolds & Accessories,1002.C,10040640,"Polymer compact manifold kit 4+4 way with anti-condensation jacket 1""",1,1,"$1,282.00",C1,$384.60,Freight charges applicable on this product. 
Climate Comfort & Heating,Manifolds & Accessories,1002.C,10050640,"Polymer compact manifold kit 5+5 way with anti-condensation jacket 1""",1,1,"$1,412.00",C1,$423.60,Freight charges applicable on this product. 
Climate Comfort & Heating,Manifolds & Accessories,1002.C,10060640,"Polymer compact manifold kit 6+6 way with anti-condensation jacket 1""",1,1,"$1,520.00",C1,$456.00,Freight charges applicable on this product. 
Climate Comfort & Heating,Manifolds & Accessories,1002.C,10070640,"Polymer compact manifold kit 7+7 way with anti-condensation jacket 1""",1,1,"$1,625.00",C1,$487.50,Freight charges applicable on this product. 
Climate Comfort & Heating,Manifolds & Accessories,1002.C,10080640,"Polymer compact manifold kit 8+8 way with anti-condensation jacket 1""",1,1,"$1,740.00",C1,$522.00,Freight charges applicable on this product. 
Climate Comfort & Heating,Manifolds & Accessories,1002.C,10090640,"Polymer compact manifold kit 9+9 way with anti-condensation jacket 1""",1,1,"$1,840.00",C1,$552.00,Freight charges applicable on this product. 
Climate Comfort & Heating,Manifolds & Accessories,1002.C,10100640,"Polymer compact manifold kit 10+10 way with anti-condensation jacket 1""",1,1,"$1,920.00",C1,$576.00,Freight charges applicable on this product. 
Climate Comfort & Heating,Manifolds & Accessories,1002.C,10110640,"Polymer compact manifold kit 11+11 way with anti-condensation jacket 1""",1,1,"$2,088.00",C1,$626.40,Freight charges applicable on this product. 
Climate Comfort & Heating,Manifolds & Accessories,1002.C,10120640,"Polymer compact manifold kit 12+12 way with anti-condensation jacket 1""",1,1,"$2,590.00",C1,$777.00,Freight charges applicable on this product. 
Climate Comfort & Heating,Manifolds & Accessories,1002.C,10130640,"Polymer compact manifold kit 13+13 way with anti-condensation jacket 1""",1,1,"$2,729.00",C1,$818.70,Freight charges applicable on this product. 
Climate Comfort & Heating,Manifolds & Accessories,217.B,2171660,Compression Fitting for Polyethylene pipe 16x2,10,100,$16.50,C1,$4.95,Freight charges applicable on this product. 
Climate Comfort & Heating,Manifolds & Accessories,217.B,2171700,Compression Fitting for Polyethylene pipe 17x2,10,100,$18.00,C1,$5.40,Freight charges applicable on this product. 
Climate Comfort & Heating,Manifolds & Accessories,217.B,2172000,Compression Fitting for Polyethylene pipe 20x2,10,100,$24.00,C1,$7.20,Freight charges applicable on this product. 
Climate Comfort & Heating,Manifolds & Accessories,224.B,2241600,Compression Fitting for Multilayer pipe 16x2,10,100,$17.00,C1,$5.10,Freight charges applicable on this product. 
Climate Comfort & Heating,Manifolds & Accessories,224.B,2242000,Compression Fitting for Multilayer pipe 20x2,10,100,$22.00,C1,$6.60,Freight charges applicable on this product. 
Climate Comfort & Heating,Manifolds & Accessories,208,2080510,"Flow metre G3/4"" 0 to 5 lpm",10,10,$120.00,C1,$36.00,
Climate Comfort & Heating,Manifolds & Accessories,,RBMS-21-0066,Adjustable manifold stand,1,1,$530.00,C1,$159.00,Freight charges applicable on this product.
Climate Comfort & Heating,Manifolds & Accessories,306,3060002,Thermo-Electrical Servo Motor 230V AC,1,1,$89.00,C1,$26.70,Freight charges applicable on this product. 
Climate Comfort & Heating,Manifolds & Accessories,306,3060012,Thermo-Electrical Servo Motor 24V AC,1,1,$89.00,C1,$26.70,Freight charges applicable on this product. 
Climate Comfort & Heating,Manifolds & Accessories,306,3060042,Thermo-Electrical Servo Motor 230V AC with Auxillary Microswitch,1,1,$109.00,C1,$32.70,Freight charges applicable on this product. 
Climate Comfort & Heating,Manifolds & Accessories,306,3060052,Thermo-Electrical Servo Motor 24V AC with Auxillary Microswitch,1,1,$109.00,C1,$32.70,Freight charges applicable on this product. 
Climate Comfort & Heating,Mixing & Distribution Units,1531.A,15310671,Kilma ECO-RF-AT Polymer fixed point mixing unit for high and low temp,1,1,"$3,090.00",C1,$927.00,Freight charges applicable on this product.
Climate Comfort & Heating,Mixing & Distribution Units,1531.B,15310651,Kilma ECO-RF Polymer fixed point mixing unit for low temp,1,1,"$2,620.00",C1,$786.00,Freight charges applicable on this product.
Climate Comfort & Heating,Mixing & Distribution Units,3523,35230651,Kilma ECOMIX RF50 series Fixed Point mixing unit,1,1,"$2,455.00",C1,$736.50,Freight charges applicable on this product. 
Climate Comfort & Heating,Mixing & Distribution Units,3523,35230637,Kilma ECOMIX RF37 series Fixed Point mixing unit,1,1,"$2,099.00",C1,$629.70,Freight charges applicable on this product. 
Climate Comfort & Heating,Mixing & Distribution Units,3195,31950602,Multimix booster unit DN25 2-Zones,1,1,"$1,740.00",C1,$522.00,Freight charges applicable on this product. 
Climate Comfort & Heating,Mixing & Distribution Units,3195,31960602,Multimix booster unit DN25 3-Zones,1,1,"$2,230.00",C1,$669.00,Freight charges applicable on this product. 
Climate Comfort & Heating,Mixing & Distribution Units,3197,31970602,RD Direct Booster Unit DN25,1,1,"$1,950.00",C1,$585.00,Freight charges applicable on this product.
Climate Comfort & Heating,Mixing & Distribution Units,3198,31980600,RF MIX B.T Mixing Unit - Low Temperature Fixed Point,1,1,"$3,420.00",C1,"$1,026.00",Freight charges applicable on this product. 
Climate Comfort & Heating,Mixing & Distribution Units,3198,31980610,RF MIX A.T Mixing Unit - High Temperature Fixed Point,1,1,"$3,860.00",C1,"$1,158.00",Freight charges applicable on this product. 
Climate Comfort & Heating,Mixing & Distribution Units,3199,31990602,RM MIX Mixing Unit DN25,1,1,"$2,320.00",C1,$696.00,Freight charges applicable on this product.
Climate Comfort & Heating,Mixing & Distribution Units,3219,32190702,Multimix S32 Hydraulic Separator ,1,1,"$3,140.00",C1,$942.00,Freight charges applicable on this product.
Climate Comfort & Heating,Mixing & Distribution Units,3222,32220702,Insulated pipe kit to connect Multimix 2-3 Ways,1,1,$855.00,C1,$256.50,Freight charges applicable on this product. 
Climate Comfort & Heating,Mixing & Distribution Units,3222,32220712,Insulated pipe kit to connect Multimix 4-5 Ways,1,1,$970.00,C1,$291.00,Freight charges applicable on this product. 
Climate Comfort & Heating,Mixing & Distribution Units,3223,32230702,Multimix C32 Zone Manifold 2 Ways,1,1,"$2,300.00",C1,$690.00,Freight charges applicable on this product. 
Climate Comfort & Heating,Mixing & Distribution Units,3223,32240702,Multimix C32 Zone Manifold 3 Ways,1,1,"$3,090.00",C1,$927.00,Freight charges applicable on this product. 
Climate Comfort & Heating,Mixing & Distribution Units,3223,32250702,Multimix C32 Zone Manifold 4 Ways,1,1,"$4,470.00",C1,"$1,341.00",Freight charges applicable on this product. 
Climate Comfort & Heating,Mixing & Distribution Units,3223,32260702,Multimix C32 Zone Manifold 5 Ways,1,1,"$5,820.00",C1,"$1,746.00",Freight charges applicable on this product. 
Climate Comfort & Heating,Mixing & Distribution Units,3227,32270002,Wall support kit for Multimix C32,1,1,$190.00,C1,$57.00,Freight charges applicable on this product.
Climate Comfort & Heating,Mixing & Distribution Units,3228,32280702,RD32 Direct Booster Unit DN32,1,1,"$3,226.00",C1,$967.80,Freight charges applicable on this product.
Climate Comfort & Heating,Mixing & Distribution Units,3229,32290702,RM MIX Mixing Unit DN32,1,1,"$4,145.00",C1,"$1,243.50",Freight charges applicable on this product.
Climate Comfort & Heating,Mixing & Distribution Units,3234,32340602,RD25 Direct Booster Unit DN25 High Temp Unit,1,1,"$2,999.00",C1,$899.70,Freight charges applicable on this product.
Climate Comfort & Heating,Mixing & Distribution Units,3235,32350600,RF25 CONT B.T Mixing Unit - Low Temperature Fixed Point,1,1,"$4,290.00",C1,"$1,287.00",Freight charges applicable on this product.
Climate Comfort & Heating,Mixing & Distribution Units,3235,32350610,RF25 CONT A.T Mixing Unit - High Temperature Fixed Point,1,1,"$4,650.00",C1,"$1,395.00",Freight charges applicable on this product.
Climate Comfort & Heating,Mixing & Distribution Units,3236,32360602,RM25 Climatic Booster Unit,1,1,"$3,680.00",C1,"$1,104.00",Freight charges applicable on this product.
Climate Comfort & Heating,Automatic Filling Valve,3856,38560400,"SmartFiller M with gauge automatic filling unit G1/2"" (15mm) PN16",1,6,$223.00,C1,$66.90,
Climate Comfort & Heating,Automatic Filling Valve,3856,38560490,"SmartFiller M without gauge automatic filling unit G1/2"" (15mm) PN16",1,6,$196.00,C1,$58.80,
Climate Comfort & Heating,Safety Relief Valve Kit,47,470610,"Kombiluft Safety unit G1"" 3Bar safety valve",1,4,$270.00,C1,$81.00,
Climate Comfort & Heating,Antifreeze Valve,4093,40930600,"Zerofrost Antifreeze valve for heat pumps 1""",1,1,$599.00,C1,$179.70,
Climate Comfort & Heating,Antifreeze Valve,4093,40930700,"Zerofrost Antifreeze valve for heat pumps 1-1/4""",1,1,$629.00,C1,$188.70,
Climate Comfort & Heating,Bypass Valves,124,1240500,Differential Pressure Bypass Valve 20mm,1,10,$128.00,C1,$38.40,
Climate Comfort & Heating,Bypass Valves,124,1240600,Differential Pressure Bypass Valve 25mm,1,10,$219.00,C1,$65.70,
Climate Comfort & Heating,Bypass Valves,124,1240700,Differential Pressure Bypass Valve 32mm,1,5,$285.00,C1,$85.50,
Climate Comfort & Heating,Zilmet Expansion Vessels,Cal-Pro,ZIL-1300000400,Zilmet Expansion Tank Cal-Pro 4 Litre - 5Bar max working pressure - preset 1.5Bar,1,1,$130.00,ZIL1,$91.00,Freight charges applicable on this product.
Climate Comfort & Heating,Zilmet Expansion Vessels,Cal-Pro,ZIL-1300000800,Zilmet Expansion Tank Cal-Pro 8 Litre - 5Bar max working pressure - preset 1.5Bar,1,1,$135.00,ZIL1,$94.50,Freight charges applicable on this product.
Climate Comfort & Heating,Zilmet Expansion Vessels,Cal-Pro,ZIL-1300001200,Zilmet Expansion Tank Cal-Pro 12 Litre - 4Bar max working pressure - preset 1.5Bar,1,1,$155.00,ZIL1,$108.50,Freight charges applicable on this product.
Climate Comfort & Heating,Zilmet Expansion Vessels,Cal-Pro,ZIL-1300001800,Zilmet Expansion Tank Cal-Pro 18 Litre - 4Bar max working pressure - preset 1.5Bar,1,1,$170.00,ZIL1,$119.00,Freight charges applicable on this product.
Climate Comfort & Heating,Zilmet Expansion Vessels,Cal-Pro,ZIL-1300002400,Zilmet Expansion Tank Cal-Pro 25 Litre - 4Bar max working pressure - preset 1.5Bar,1,1,$205.00,ZIL1,$143.50,Freight charges applicable on this product.
Climate Comfort & Heating,Zilmet Expansion Vessels,Cal-Pro,ZIL-1300003500,Zilmet Expansion Tank Cal-Pro 35 Litre - 4Bar max working pressure - preset 1.5Bar,1,1,$305.00,ZIL1,$213.50,Freight charges applicable on this product.
Climate Comfort & Heating,Zilmet Expansion Vessels,Cal-Pro,ZIL-1300003503,Zilmet Expansion Tank Cal-Pro 35 Litre with Feet - 4Bar max working pressure - preset 1.5Bar,1,1,$325.00,ZIL1,$227.50,Freight charges applicable on this product.
Climate Comfort & Heating,Zilmet Expansion Vessels,Cal-Pro,ZIL-1300005000,Zilmet Expansion Tank Cal-Pro 50 Litre - 4Bar max working pressure - preset 1.5Bar,1,1,$365.00,ZIL1,$255.50,Freight charges applicable on this product.
Climate Comfort & Heating,Zilmet Expansion Vessels,Cal-Pro,ZIL-1300005003,Zilmet Expansion Tank Cal-Pro 50 Litre with Feet - 4Bar max working pressure - preset 1.5Bar,1,1,$430.00,ZIL1,$301.00,Freight charges applicable on this product.
Climate Comfort & Heating,Zilmet Expansion Vessels,Cal-Pro,ZIL-1300008000,Zilmet Expansion Tank Cal-Pro 80 Litre - 6Bar max working pressure - preset 2Bar,1,1,$572.00,ZIL1,$400.40,Freight charges applicable on this product.
Climate Comfort & Heating,Zilmet Expansion Vessels,Cal-Pro,ZIL-1300010500,Zilmet Expansion Tank Cal-Pro 105 Litre - 6Bar max working pressure - preset 2Bar,1,1,$795.00,ZIL1,$556.50,Freight charges applicable on this product.
Climate Comfort & Heating,Zilmet Expansion Vessels,Cal-Pro,ZIL-1300015000,Zilmet Expansion Tank Cal-Pro 150 Litre - 6Bar max working pressure - preset 2Bar,1,1,$999.00,ZIL1,$699.30,Freight charges applicable on this product.
Climate Comfort & Heating,Zilmet Expansion Vessels,Cal-Pro,ZIL-1300020000,Zilmet Expansion Tank Cal-Pro 200 Litre - 6Bar max working pressure - preset 2.5Bar,1,1,"$1,295.00",ZIL1,$906.50,Freight charges applicable on this product.
Climate Comfort & Heating,Zilmet Expansion Vessels,Cal-Pro,ZIL-1300025000,Zilmet Expansion Tank Cal-Pro 250 Litre - 6Bar max working pressure - preset 2.5Bar,1,1,"$1,595.00",ZIL1,"$1,116.50",Freight charges applicable on this product.
Climate Comfort & Heating,Zilmet Expansion Vessels,Cal-Pro,ZIL-1300030000,Zilmet Expansion Tank Cal-Pro 300 Litre - 6Bar max working pressure - preset 2.5Bar,1,1,"$1,915.00",ZIL1,"$1,340.50",Freight charges applicable on this product.
Climate Comfort & Heating,Zilmet Expansion Vessels,Cal-Pro,ZIL-1300040000,Zilmet Expansion Tank Cal-Pro 400 Litre - 6Bar max working pressure - preset 2.5Bar,1,1,"$2,660.00",ZIL1,"$1,862.00",Freight charges applicable on this product.
Climate Comfort & Heating,Zilmet Expansion Vessels,Cal-Pro,ZIL-1300050000,Zilmet Expansion Tank Cal-Pro 500 Litre - 6Bar max working pressure - preset 2.5Bar,1,1,"$3,350.00",ZIL1,"$2,345.00",Freight charges applicable on this product.
Climate Comfort & Heating,Zilmet Expansion Vessels,Cal-Pro,ZIL-1300060000,Zilmet Expansion Tank Cal-Pro 600 Litre - 6Bar max working pressure - preset 2.5Bar,1,1,"$4,230.00",ZIL1,"$2,961.00",Freight charges applicable on this product.
Climate Comfort & Heating,Zilmet Expansion Vessels,Ultra-Pro,ZIL-1100002418,Zilmet Expansion Tank Ultra-Pro 24 Litre - 10Bar max working pressure - preset 1.5Bar,1,1,$180.00,ZIL1,$126.00,Freight charges applicable on this product.
Climate Comfort & Heating,Zilmet Expansion Vessels,Ultra-Pro,ZIL-1100005004,Zilmet Expansion Tank Ultra-Pro 50 Litre - 10Bar max working pressure - preset 1.5Bar,1,1,$615.00,ZIL1,$430.50,Freight charges applicable on this product.
Climate Comfort & Heating,Zilmet Expansion Vessels,Ultra-Pro,ZIL-1100010004,Zilmet Expansion Tank Ultra-Pro 100 Litre - 10Bar max working pressure - preset 1.5Bar,1,1,$960.00,ZIL1,$672.00,Freight charges applicable on this product.
Climate Comfort & Heating,Zilmet Expansion Vessels,Ultra-Pro,ZIL-1100020004,Zilmet Expansion Tank Ultra-Pro 200 Litre - 10Bar max working pressure - preset 1.5Bar,1,1,"$1,850.00",ZIL1,"$1,295.00",Freight charges applicable on this product.
Climate Comfort & Heating,Zilmet Expansion Vessels,Ultra-Pro,ZIL-1100030004,Zilmet Expansion Tank Ultra-Pro 300 Litre - 10Bar max working pressure - preset 1.5Bar,1,1,"$2,225.00",ZIL1,"$1,557.50",Freight charges applicable on this product.
Climate Comfort & Heating,Zilmet Expansion Vessels,Ultra-Pro,ZIL-1100050004,Zilmet Expansion Tank Ultra-Pro 500 Litre - 10Bar max working pressure - preset 1.5Bar,1,1,"$3,520.00",ZIL1,"$2,464.00",Freight charges applicable on this product.
Climate Comfort & Heating,Zilmet Expansion Vessels,Ultra-Pro,ZIL-1100075056,Zilmet Expansion Tank Ultra-Pro 750 Litre - 10Bar max working pressure - preset 1.5Bar,1,1,"$6,299.00",ZIL1,"$4,409.30",Freight charges applicable on this product.
Climate Comfort & Heating,Zilmet Expansion Vessels,Ultra-Pro,ZIL-1100100055,"Zilmet Expansion Tank Ultra-Pro 1,000 Litre - 10Bar max working pressure - preset 1.5Bar",1,1,"$7,980.00",ZIL1,"$5,586.00",Freight charges applicable on this product.
Climate Comfort & Heating,Zilmet Expansion Vessels,,RBMS-21-0017,Wall Bracket to suit Zilmet expansion vessels,1,1,$50.00,ZIL1,$35.00,Freight charges applicable on this product.
Climate Comfort & Heating,Safety Relief Valves,351,3510410,"Safety relief valve G1/2"" (15mm) FF 1.5Bar",1,50,$39.00,C1,$11.70,
Climate Comfort & Heating,Safety Relief Valves,351,3510420,"Safety relief valve G1/2"" (15mm) FF 2Bar",1,50,$39.00,C1,$11.70,
Climate Comfort & Heating,Safety Relief Valves,351,3510440,"Safety relief valve G1/2"" (15mm) FF 3Bar",1,50,$39.00,C1,$11.70,
Climate Comfort & Heating,Safety Relief Valves,351,3510460,"Safety relief valve G1/2"" (15mm) FF 4Bar",1,50,$39.00,C1,$11.70,
Climate Comfort & Heating,Safety Relief Valves,351,3510490,"Safety relief valve G1/2"" (15mm) FF 6Bar",1,50,$39.00,C1,$11.70,
Climate Comfort & Heating,Safety Relief Valves,351,3510481,"Safety relief valve G1/2"" (15mm) FF 8Bar",1,50,$39.00,C1,$11.70,
Climate Comfort & Heating,Safety Relief Valves,351,3510411,"Safety relief valve G1/2"" (15mm) FF 10Bar",1,50,$39.00,C1,$11.70,
Climate Comfort & Heating,Safety Relief Valves,351,3510560,"Safety relief valve G3/4"" (20mm) FF 4Bar",1,50,$51.00,C1,$15.30,
Climate Comfort & Heating,Safety Relief Valves,351,3510510,"Safety relief valve G3/4"" (20mm) FF 1.5Bar",1,48,$51.00,C1,$15.30,
Climate Comfort & Heating,Safety Relief Valves,351,3510520,"Safety relief valve G3/4"" (20mm) FF 2Bar",1,48,$48.00,C1,$14.40,
Climate Comfort & Heating,Safety Relief Valves,351,3510530,"Safety relief valve G3/4"" (20mm) FF 2.5Bar",1,48,$48.00,C1,$14.40,
Climate Comfort & Heating,Safety Relief Valves,351,3510540,"Safety relief valve G3/4"" (20mm) FF 3Bar",1,48,$51.00,C1,$15.30,
Climate Comfort & Heating,Safety Relief Valves,351,3510550,"Safety relief valve G3/4"" (20mm) FF 3.5Bar",1,48,$51.00,C1,$15.30,
Climate Comfort & Heating,Safety Relief Valves,351,3510560,"Safety relief valve G3/4"" (20mm) FF 4Bar",1,48,$51.00,C1,$15.30,
Climate Comfort & Heating,Safety Relief Valves,351,3510570,"Safety relief valve G3/4"" (20mm) FF 4.5Bar",1,48,$51.00,C1,$15.30,
Climate Comfort & Heating,Safety Relief Valves,351,3510580,"Safety relief valve G3/4"" (20mm) FF 5Bar",1,48,$51.00,C1,$15.30,
Climate Comfort & Heating,Safety Relief Valves,351,3510590,"Safety relief valve G3/4"" (20mm) FF 6Bar",1,48,$51.00,C1,$15.30,
Climate Comfort & Heating,Safety Relief Valves,351,3510571,"Safety relief valve G3/4"" (20mm) FF 7Bar",1,48,$51.00,C1,$15.30,
Climate Comfort & Heating,Safety Relief Valves,351,3510581,"Safety relief valve G3/4"" (20mm) FF 8Bar",1,48,$51.00,C1,$15.30,
Climate Comfort & Heating,Safety Relief Valves,351,3510511,"Safety relief valve G3/4"" (20mm) FF 10Bar",1,48,$51.00,C1,$15.30,
Climate Comfort & Heating,Safety Relief Valves,353,3530420,"Safety relief valve G1/2"" (15mm) FF 2Bar with pressure gauge",1,48,$86.00,C1,$25.80,
Climate Comfort & Heating,Safety Relief Valves,353,3530440,"Safety relief valve G1/2"" (15mm) FF 3Bar with pressure gauge",1,48,$86.00,C1,$25.80,
Climate Comfort & Heating,Safety Relief Valves,353,3530460,"Safety relief valve G1/2"" (15mm) FF 4Bar with pressure gauge",1,48,$86.00,C1,$25.80,
Climate Comfort & Heating,Safety Relief Valves,353,3530470,"Safety relief valve G1/2"" (15mm) FF 4.5Bar with pressure gauge",1,48,$86.00,C1,$25.80,
Climate Comfort & Heating,Safety Relief Valves,353,3530490,"Safety relief valve G1/2"" (15mm) FF 6Bar with pressure gauge",1,48,$86.00,C1,$25.80,
Climate Comfort & Heating,Safety Relief Valves,353,3530481,"Safety relief valve G1/2"" (15mm) FF 8Bar with pressure gauge",1,48,$86.00,C1,$25.80,
Climate Comfort & Heating,Safety Relief Valves,353,3530411,"Safety relief valve G1/2"" (15mm) FF 10Bar with pressure gauge",1,48,$86.00,C1,$25.80,
Climate Comfort & Heating,Safety Relief Valves,353,3530510,"Safety relief valve G3/4"" (20mm) FF 1.5Bar with pressure gauge",1,48,$96.00,C1,$28.80,
Climate Comfort & Heating,Safety Relief Valves,353,3530520,"Safety relief valve G3/4"" (20mm) FF 2Bar with pressure gauge",1,48,$96.00,C1,$28.80,
Climate Comfort & Heating,Safety Relief Valves,353,3530530,"Safety relief valve G3/4"" (20mm) FF 2.5Bar with pressure gauge",1,48,$96.00,C1,$28.80,
Climate Comfort & Heating,Safety Relief Valves,353,3530540,"Safety relief valve G3/4"" (20mm) FF 3Bar with pressure gauge",1,48,$96.00,C1,$28.80,
Climate Comfort & Heating,Safety Relief Valves,353,3530550,"Safety relief valve G3/4"" (20mm) FF 3.5Bar with pressure gauge",1,48,$96.00,C1,$28.80,
Climate Comfort & Heating,Safety Relief Valves,353,3530560,"Safety relief valve G3/4"" (20mm) FF 4Bar with pressure gauge",1,48,$96.00,C1,$28.80,
Climate Comfort & Heating,Safety Relief Valves,353,3530570,"Safety relief valve G3/4"" (20mm) FF 4.5Bar with pressure gauge",1,48,$96.00,C1,$28.80,
Climate Comfort & Heating,Safety Relief Valves,353,3530580,"Safety relief valve G3/4"" (20mm) FF 5Bar with pressure gauge",1,48,$96.00,C1,$28.80,
Climate Comfort & Heating,Safety Relief Valves,353,3530590,"Safety relief valve G3/4"" (20mm) FF 6Bar with pressure gauge",1,48,$96.00,C1,$28.80,
Climate Comfort & Heating,Safety Relief Valves,353,3530571,"Safety relief valve G3/4"" (20mm) FF 7Bar with pressure gauge",1,48,$96.00,C1,$28.80,
Climate Comfort & Heating,Safety Relief Valves,353,3530581,"Safety relief valve G3/4"" (20mm) FF 8Bar with pressure gauge",1,48,$96.00,C1,$28.80,
Climate Comfort & Heating,Safety Relief Valves,353,3530511,"Safety relief valve G3/4"" (20mm) FF 10Bar with pressure gauge",1,48,$96.00,C1,$28.80,
Climate Comfort & Heating,Automatic Air Vents,38,38290370,"Check Valve - 3/8""Fx3/8""M",10,50,$16.00,C1,$4.80,
Climate Comfort & Heating,Automatic Air Vents,38,38290470,"Check Valve - 3/8""Fx1/2""M",10,50,$20.00,C1,$6.00,
Climate Comfort & Heating,Automatic Air Vents,38,380450,"Check Valve-1/2""Fx1/2""M",10,50,$17.00,C1,$5.10,
Climate Comfort & Heating,Automatic Air Vents,791,7910440,"Miniluft CP Polymer automatic airvent 1/2""",1,50,$58.00,C1,$17.40,
Climate Comfort & Heating,Automatic Air Vents,2827.A,28270400,"Miniluft Compact Airvent G1/2"" 4Bar",1,50,$61.00,C1,$18.30,
Climate Comfort & Heating,Automatic Air Vents,2828,28280310,"Miniluft High Performance Airvent G3/8"" 6Bar",1,50,$71.00,C1,$21.30,
Climate Comfort & Heating,Automatic Air Vents,2828,28280400,"Miniluft High Performance Airvent G1/2"" 6Bar",1,50,$70.00,C1,$21.00,
Climate Comfort & Heating,Automatic Air Vents,3574,35740400,"Miniluft High Performance Airvent G1/2"" 8Bar",1,50,$87.00,C1,$26.10,
Climate Comfort & Heating,Automatic Air Vents,2836,28360400,"Megaluft High Performance G1/2"" 10Bar",1,10,$135.00,C1,$40.50,
Climate Comfort & Heating,Airt & Dirt Separators & Hydraulic Separators,2830.A,28300400,"Airterm In-line deaerator 1/2""FF (15mm) 10 BAR",1,6,$410.00,C1,$123.00,
Climate Comfort & Heating,Airt & Dirt Separators & Hydraulic Separators,2830.A,28300500,"Airterm In-line deaerator 3/4""FF (20mm) 10 BAR",1,6,$429.00,C1,$128.70,
Climate Comfort & Heating,Airt & Dirt Separators & Hydraulic Separators,2830.A,28300600,"Airterm In-line deaerator 1""FF (25mm) 10 BAR",1,6,$437.00,C1,$131.10,
Climate Comfort & Heating,Airt & Dirt Separators & Hydraulic Separators,2830.A,28300700,"Airterm In-line deaerator 1""1/4FF (32mm) 10 BAR",1,6,$562.00,C1,$168.60,
Climate Comfort & Heating,Airt & Dirt Separators & Hydraulic Separators,2830.A,28300800,"Airterm In-line deaerator 1""1/2FF (40mm) 10 BAR",1,6,$758.00,C1,$227.40,
Climate Comfort & Heating,Airt & Dirt Separators & Hydraulic Separators,2830.A,28300900,"Airterm In-line deaerator 2""FF (50mm) 10 BAR",1,1,$805.00,C1,$241.50,
Climate Comfort & Heating,Airt & Dirt Separators & Hydraulic Separators,2830.B,28300972P,Airterm flanged deaerator DN50 10 BAR,1,1,POA,C1,0,
Climate Comfort & Heating,Airt & Dirt Separators & Hydraulic Separators,2830.B,28301072P,Airterm flanged deaerator DN65 10 BAR,1,1,POA,C1,0,
Climate Comfort & Heating,Airt & Dirt Separators & Hydraulic Separators,2830.B,28301172P,Airterm flanged deaerator DN80 10 BAR,1,1,POA,C1,0,
Climate Comfort & Heating,Airt & Dirt Separators & Hydraulic Separators,2830.B,28301372P,Airterm flanged deaerator DN100 10 BAR,1,1,POA,C1,0,
Climate Comfort & Heating,Airt & Dirt Separators & Hydraulic Separators,2830.B,28301472P,Airterm flanged deaerator DN125 10 BAR,1,1,POA,C1,0,
Climate Comfort & Heating,Airt & Dirt Separators & Hydraulic Separators,2830.B,28301572P,Airterm flanged deaerator DN150 10 BAR,1,1,POA,C1,0,
Climate Comfort & Heating,Airt & Dirt Separators & Hydraulic Separators,2829.A,28290400,"Dirterm Mechanical Dirt Separator G1/2"" (15mm)",1,6,$347.00,C1,$104.10,
Climate Comfort & Heating,Airt & Dirt Separators & Hydraulic Separators,2829.A,28290500,"Dirterm Mechanical Dirt Separator G3/4"" (20mm)",1,6,$362.00,C1,$108.60,
Climate Comfort & Heating,Airt & Dirt Separators & Hydraulic Separators,2829.A,28290600,"Dirterm Mechanical Dirt Separator G1"" (25mm)",1,6,$370.00,C1,$111.00,
Climate Comfort & Heating,Airt & Dirt Separators & Hydraulic Separators,2829.A,28290700,"Dirterm Mechanical Dirt Separator G1 1/4"" (32mm)",1,6,$473.00,C1,$141.90,
Climate Comfort & Heating,Airt & Dirt Separators & Hydraulic Separators,2829.A,28290800,"Dirterm Mechanical Dirt Separator G1 1/2"" (40mm)",1,6,$621.00,C1,$186.30,
Climate Comfort & Heating,Airt & Dirt Separators & Hydraulic Separators,2829.A,28290900,"Dirterm Mechanical Dirt Separator G2"" (50mm)",1,6,$633.00,C1,$189.90,
Climate Comfort & Heating,Airt & Dirt Separators & Hydraulic Separators,2829.B,28290972P,Dirterm flanged deaerator DN50 10 BAR,1,1,POA,C1,0,
Climate Comfort & Heating,Airt & Dirt Separators & Hydraulic Separators,2829.B,28291072P,Dirterm flanged deaerator DN65 10 BAR,1,1,POA,C1,0,
Climate Comfort & Heating,Airt & Dirt Separators & Hydraulic Separators,2829.B,28291172P,Dirterm flanged deaerator DN80 10 BAR,1,1,POA,C1,0,
Climate Comfort & Heating,Airt & Dirt Separators & Hydraulic Separators,2829.B,28291372P,Dirterm flanged deaerator DN100 10 BAR,1,1,POA,C1,0,
Climate Comfort & Heating,Airt & Dirt Separators & Hydraulic Separators,2829.B,28291472P,Dirterm flanged deaerator DN125 10 BAR,1,1,POA,C1,0,
Climate Comfort & Heating,Airt & Dirt Separators & Hydraulic Separators,2829.B,28291572P,Dirterm flanged deaerator DN150 10 BAR,1,1,POA,C1,0,
Climate Comfort & Heating,Airt & Dirt Separators & Hydraulic Separators,2831.A,28310400,"Airterm Dirt Self-cleaning Air & Dirt separator 1/2"" (15mm)",1,1,$505.00,C1,$151.50,
Climate Comfort & Heating,Airt & Dirt Separators & Hydraulic Separators,2831.A,28310500,"Airterm Dirt Self-cleaning Air & Dirt separator 3/4"" (20mm)",1,1,$515.00,C1,$154.50,
Climate Comfort & Heating,Airt & Dirt Separators & Hydraulic Separators,2831.A,28310600,"Airterm Dirt Self-cleaning Air & Dirt separator 1"" (25mm)",1,1,$525.00,C1,$157.50,
Climate Comfort & Heating,Airt & Dirt Separators & Hydraulic Separators,2831.A,28310700,"Airterm Dirt Self-cleaning Air & Dirt separator 1""1/4 (32mm)",1,1,$662.00,C1,$198.60,
Climate Comfort & Heating,Airt & Dirt Separators & Hydraulic Separators,2831.B,28310972P,Airterm Dirt Self-cleaning Air & Dirt separator DN50,1,1,"$2,699.00",C1,$809.70,
Climate Comfort & Heating,Airt & Dirt Separators & Hydraulic Separators,2831.B,28311072P,Airterm Dirt Self-cleaning Air & Dirt separator DN65,1,1,"$3,060.00",C1,$918.00,
Climate Comfort & Heating,Airt & Dirt Separators & Hydraulic Separators,2831.B,28311172P,Airterm Dirt Self-cleaning Air & Dirt separator DN80,1,1,"$3,720.00",C1,"$1,116.00",
Climate Comfort & Heating,Airt & Dirt Separators & Hydraulic Separators,2831.B,28311372P,Airterm Dirt Self-cleaning Air & Dirt separator DN100,1,1,"$4,280.00",C1,"$1,284.00",
Climate Comfort & Heating,Airt & Dirt Separators & Hydraulic Separators,2831.B,28311472P,Airterm Dirt Self-cleaning Air & Dirt separator DN125,1,1,"$6,220.00",C1,"$1,866.00",
Climate Comfort & Heating,Airt & Dirt Separators & Hydraulic Separators,2831.B,28311572P,Airterm Dirt Self-cleaning Air & Dirt separator DN150,1,1,"$7,650.00",C1,"$2,295.00",
Climate Comfort & Heating,Airt & Dirt Separators & Hydraulic Separators,2831.B,28311672P,Airterm Dirt Self-cleaning Air & Dirt separator DN200,1,1,POA,C1,0,
Climate Comfort & Heating,Airt & Dirt Separators & Hydraulic Separators,2831.B,28311772P,Airterm Dirt Self-cleaning Air & Dirt separator DN250,1,1,POA,C1,0,
Climate Comfort & Heating,Airt & Dirt Separators & Hydraulic Separators,2831.B,28311872P,Airterm Dirt Self-cleaning Air & Dirt separator DN300,1,1,POA,C1,0,
Climate Comfort & Heating,Airt & Dirt Separators & Hydraulic Separators,617.A,6170612,"1"" (25mm) Threaded hydraulic separator",1,1,"$1,579.00",C1,$473.70,
Climate Comfort & Heating,Airt & Dirt Separators & Hydraulic Separators,617.A,6170712,"1-1/4"" (32mm) Threaded hydraulic separator",1,1,"$1,820.00",C1,$546.00,
Climate Comfort & Heating,Airt & Dirt Separators & Hydraulic Separators,617.A,6170812,"1-1/2"" (40mm) Threaded hydraulic separator",1,1,"$2,350.00",C1,$705.00,
Climate Comfort & Heating,Airt & Dirt Separators & Hydraulic Separators,617.A,6170912,"2"" (50mm) Threaded hydraulic separator",1,1,"$3,535.00",C1,"$1,060.50",
Climate Comfort & Heating,Airt & Dirt Separators & Hydraulic Separators,617.B,6170972,Flanged Hydraulic Separator DN50,1,1,"$5,190.00",C1,"$1,557.00",
Climate Comfort & Heating,Airt & Dirt Separators & Hydraulic Separators,617.B,6171072,Flanged Hydraulic Separator DN65,1,1,"$5,485.00",C1,"$1,645.50",
Climate Comfort & Heating,Airt & Dirt Separators & Hydraulic Separators,617.B,6171172,Flanged Hydraulic Separator DN80,1,1,"$8,010.00",C1,"$2,403.00",
Climate Comfort & Heating,Airt & Dirt Separators & Hydraulic Separators,617.B,6171372,Flanged Hydraulic Separator DN100,1,1,"$8,780.00",C1,"$2,634.00",
Climate Comfort & Heating,Airt & Dirt Separators & Hydraulic Separators,617.B,6171472,Flanged Hydraulic Separator DN125,1,1,POA,C1,0,
Climate Comfort & Heating,Airt & Dirt Separators & Hydraulic Separators,617.B,6171572,Flanged Hydraulic Separator DN150,1,1,POA,C1,0,
Climate Comfort & Heating,"Magnetic Filtration (Boiler, Heat Pump & Commercial)",3715.A,37150510,"MG2 Compact Magnetic Filter G3/4"" (20mm)",1,6,$540.00,C1,$162.00,
Climate Comfort & Heating,"Magnetic Filtration (Boiler, Heat Pump & Commercial)",3070.A,30700500,"MG1 Compact Magnetic Filter G3/4"" (20mm)",1,6,$384.00,C1,$115.20,
Climate Comfort & Heating,"Magnetic Filtration (Boiler, Heat Pump & Commercial)",3699,36990600,"MP1 Heat pump magnetic filter FF 1"" (25mm)",1,4,$905.00,C1,$271.50,
Climate Comfort & Heating,"Magnetic Filtration (Boiler, Heat Pump & Commercial)",3699,36990700,"MP1 Heat pump magnetic filter FF 1-1/4"" (32mm)",1,4,POA,C1,0,
Climate Comfort & Heating,"Magnetic Filtration (Boiler, Heat Pump & Commercial)",3833,38330600,"MP2 Heat pump magnetic filter FF 1"" (25mm)",1,4,$783.00,"C1
",$234.90,
Climate Comfort & Heating,"Magnetic Filtration (Boiler, Heat Pump & Commercial)",2405,24050500,"Safecleaner2 Magnetic Filter 3/4"" (20mm)",1,6,$529.00,C1,$158.70,
Climate Comfort & Heating,"Magnetic Filtration (Boiler, Heat Pump & Commercial)",2405,24050600,"Safecleaner2 Magnetic Filter 1"" (25mm)",1,4,$578.00,C1,$173.40,
Climate Comfort & Heating,"Magnetic Filtration (Boiler, Heat Pump & Commercial)",2344,23440550,"Safecleaner2 Magnetic Filter 3/4"" (20mm) with FF Ball Valves",1,6,$690.00,C1,$207.00,
Climate Comfort & Heating,"Magnetic Filtration (Boiler, Heat Pump & Commercial)",2344,23440650,"Safecleaner2 Magnetic Filter 1"" (25mm) with FF Ball Valves",1,4,$860.00,C1,$258.00,
Climate Comfort & Heating,"Magnetic Filtration (Boiler, Heat Pump & Commercial)",2344,23440750,"Safecleaner2 Magnetic Filter 1-1/4"" (32mm) with FF Ball Valves",1,4,$910.00,C1,$273.00,
Climate Comfort & Heating,"Magnetic Filtration (Boiler, Heat Pump & Commercial)",2319,23190550,"Safecleaner 2, polymer diverter, FF ball valves G3/4"" (20mm)",1,6,$550.00,C1,$165.00,
Climate Comfort & Heating,"Magnetic Filtration (Boiler, Heat Pump & Commercial)",2319,23190650,"Safecleaner 2, polymer diverter, FF ball valves G1"" (25mm)",1,4,$710.00,C1,$213.00,
Climate Comfort & Heating,"Magnetic Filtration (Boiler, Heat Pump & Commercial)",2319,23190750,"Safecleaner 2, polymer diverter, FF ball valves G11/4 (32mm)",1,4,$755.00,C1,$226.50,
Climate Comfort & Heating,"Magnetic Filtration (Boiler, Heat Pump & Commercial)",3548,35480500,"Mag-nus2 Magnetic Dirt Separator G3/4"" (20mm)",1,4,$763.00,C1,$228.90,
Climate Comfort & Heating,"Magnetic Filtration (Boiler, Heat Pump & Commercial)",2863,28630500,"Airterm Mag Air & Dirt Separator G3/4"" (20mm)",1,6,$920.00,C1,$276.00,
Climate Comfort & Heating,"Magnetic Filtration (Boiler, Heat Pump & Commercial)",3602,36020400,"MG Magnetic Self-Cleaning Dirt Separator G1/2"" (15mm)",1,1,"$4,559.00",C1,"$1,367.70",
Climate Comfort & Heating,"Magnetic Filtration (Boiler, Heat Pump & Commercial)",3602,36020500,"MG Magnetic Self-Cleaning Dirt Separator G3/4"" (20mm)",1,1,"$4,582.00",C1,"$1,374.60",
Climate Comfort & Heating,"Magnetic Filtration (Boiler, Heat Pump & Commercial)",3602,36020600,"MG Magnetic Self-Cleaning Dirt Separator G1"" (25mm)",1,1,"$4,979.00",C1,"$1,493.70",
Climate Comfort & Heating,"Magnetic Filtration (Boiler, Heat Pump & Commercial)",3602,36020700,"MG Magnetic Self-Cleaning Dirt Separator G1 1/4"" (32mm)",1,1,"$5,035.00",C1,"$1,510.50",
Climate Comfort & Heating,"Magnetic Filtration (Boiler, Heat Pump & Commercial)",3602,36020800,"MG Magnetic Self-Cleaning Dirt Separator G1 1/2"" (40mm)",1,1,"$5,772.00",C1,"$1,731.60",
Climate Comfort & Heating,"Magnetic Filtration (Boiler, Heat Pump & Commercial)",3602,36020900,"MG Magnetic Self-Cleaning Dirt Separator G2"" (50mm)",1,1,"$5,833.00",C1,"$1,749.90",
Climate Comfort & Heating,"Magnetic Filtration (Boiler, Heat Pump & Commercial)",3541,35410910,MG Plus Magnetic Self-Cleaning Dirt Separator DN50,1,1,"$13,902.00",C1,"$4,170.60",
Climate Comfort & Heating,"Magnetic Filtration (Boiler, Heat Pump & Commercial)",3541,35411010,MG Plus Magnetic Self-Cleaning Dirt Separator DN65,1,1,"$15,475.00",C1,"$4,642.50",
Climate Comfort & Heating,"Magnetic Filtration (Boiler, Heat Pump & Commercial)",3541,35411110,MG Plus Magnetic Self-Cleaning Dirt Separator DN80,1,1,"$16,692.00",C1,"$5,007.60",
Climate Comfort & Heating,"Magnetic Filtration (Boiler, Heat Pump & Commercial)",3541,35411310,MG Plus Magnetic Self-Cleaning Dirt Separator DN100,1,1,"$18,398.00",C1,"$5,519.40",
Climate Comfort & Heating,"Magnetic Filtration (Boiler, Heat Pump & Commercial)",3541,35411410,MG Plus Magnetic Self-Cleaning Dirt Separator DN125,1,1,"$25,259.00",C1,"$7,577.70",
Climate Comfort & Heating,"Magnetic Filtration (Boiler, Heat Pump & Commercial)",3541,35411510,MG Plus Magnetic Self-Cleaning Dirt Separator DN150,1,1,"$28,200.00",C1,"$8,460.00",
Climate Comfort & Heating,Acid Condensation Neutraliser,3286,32860500,NT1 Acid Condensation Neutralising Filter,1,6,$277.00,C1,$83.10,
Climate Comfort & Heating,Acid Condensation Neutraliser,3287,32870516,"Pair of Straight hose connection fittings 3/4"" DN16",6,60,$57.00,C1,$17.10,
Climate Comfort & Heating,Acid Condensation Neutraliser,3287,32870520,"Pair of Straight hose connection fittings 3/4"" DN20",6,60,$59.00,C1,$17.70,
Climate Comfort & Heating,Acid Condensation Neutraliser,3288,32880516,"Pair of Elbow hose connection fittings 3/4"" DN16",6,60,$74.00,C1,$22.20,
Climate Comfort & Heating,Acid Condensation Neutraliser,3288,32880520,"Pair of Elbow hose connection fittings 3/4"" DN20",6,60,$76.00,C1,$22.80,
Climate Comfort & Heating,Acid Condensation Neutraliser,3289,32890000,Insulation shell for NT1,1,5,$190.00,C1,$57.00,
Climate Comfort & Heating,Acid Condensation Neutraliser,3290,32900000,Neutralising load of calcium carbonate (CaC03),10,40,$125.00,C1,$37.50,
Climate Comfort & Heating,Radiator Valves & Accessories,3937,39370000,TL1 by Piero Lissoni thermostatic radiator head,10,100,$69.00,C1,$20.70,
Climate Comfort & Heating,Radiator Valves & Accessories,4196,41960000,Pair of temperature limiting inserts for TL1,1,10,$8.00,C1,$2.40,
Climate Comfort & Heating,Radiator Valves & Accessories,590.A,5900000,TL10 Thermostatic head with liquid expansion sensor,10,100,$50.00,C1,$15.00,
Climate Comfort & Heating,Radiator Valves & Accessories,590.A,7200030,TL30 Thermostatic head with liquid expansion sensor,10,100,$66.00,C1,$19.80,
Climate Comfort & Heating,Radiator Valves & Accessories,590.A,26330000,TL70 Thermostatic head with liquid expansion sensor,10,100,$63.00,C1,$18.90,
Climate Comfort & Heating,Radiator Valves & Accessories,590.A,30870000,TL10W Thermostatic head with liquid expansion sensor,1,50,$101.00,C1,$30.30,
Climate Comfort & Heating,Radiator Valves & Accessories,590.A,5900010,TL20 Thermostatic head with distance sensor,,,$220.00,C1,$66.00,
Climate Comfort & Heating,Radiator Valves & Accessories,48,480400,"G1/2"" Angle radiator valve with thermostatic option for copper or poly pipe",10,100,$57.00,C1,$17.10,
Climate Comfort & Heating,Radiator Valves & Accessories,49,490400,"G1/2"" Straight radiator valve with thermostatic option for copper or poly pipe",10,100,$70.00,C1,$21.00,
Climate Comfort & Heating,Radiator Valves & Accessories,29,290400,"G1/2"" Angle lockshield radiator valve copper or poly pipe",10,100,$55.00,C1,$16.50,
Climate Comfort & Heating,Radiator Valves & Accessories,30,300400,"G1/2"" Straight lockshield radiator valve copper or poly pipe",10,100,$65.00,C1,$19.50,
Climate Comfort & Heating,Radiator Valves & Accessories,71,711600,Compression fitting for polyethyle pipe to suit 16x2,10,100,$16.50,C1,$4.95,
